<?xml version="1.0"?>
<package>
    <name>Lib_Varien</name>
    <version>1.8.1.0</version>
    <stability>stable</stability>
    <license uri="http://opensource.org/licenses/osl-3.0.php">OSL v3.0</license>
    <channel>community</channel>
    <extends/>
    <summary>Varien Library</summary>
    <description>Varien Library</description>
    <notes>1.8.1.0</notes>
    <authors><author><name>Magento Core Team</name><user>core</user><email>core@magentocommerce.com</email></author></authors>
    <date>2013-11-22</date>
    <time>04:16:49</time>
    <contents><target name="magelib"><dir name="Varien"><file name="Autoload.php" hash="96a0c175e6a98562f058f9a02c167bbb"/><dir name="Cache"><dir name="Backend"><file name="Database.php" hash="09535993a910ade50a2cd763da0f6d9e"/><file name="Eaccelerator.php" hash="00bc01db2c4457fdad760835992ae2dc"/><file name="Memcached.php" hash="8e542eb6c54f6764dd41fff4488c5ae2"/></dir><file name="Core.php" hash="d571f5f03d00925708328a6e6d42f58f"/></dir><dir name="Convert"><dir name="Action"><file name="Abstract.php" hash="2a6bb67a679a6e20cbe9478e80be582f"/><file name="Interface.php" hash="fe9129227525ffc1f862c6f1f85e83f1"/></dir><file name="Action.php" hash="ee3a0baf50c1bb0f1c0b67721f1965e6"/><dir name="Adapter"><file name="Abstract.php" hash="0c53dc267b75e595518365ab8f1d8ab4"/><dir name="Db"><file name="Table.php" hash="d6b8a1bfe2de4ed908ca0367fb226d2c"/></dir><dir name="Http"><file name="Curl.php" hash="76e12f13e1eb48eb3e8c36cea9a6ece3"/></dir><file name="Http.php" hash="afb44986f4d6ba1cf84819bbb31004b2"/><file name="Interface.php" hash="2c4834f37eede972be48c8b3a2857661"/><file name="Io.php" hash="a9ceb53b810de3e183b439ba1bb1ba57"/><file name="Soap.php" hash="4b67a9ea45b12dfffabd26d2cb8942f2"/><file name="Std.php" hash="225b4e11d9ffcd1db8f99d54dc749687"/><dir name="Zend"><file name="Cache.php" hash="845fcb65276b05714b8d231c6b30f651"/><file name="Db.php" hash="794cb6226590ff7d2a7d1fbce26fcc05"/></dir></dir><dir name="Container"><file name="Abstract.php" hash="8f836665d0dec3c7cc7d93714e9c99b4"/><file name="Collection.php" hash="b1ef8a70ea806deb351b5413d6cfacef"/><file name="Generic.php" hash="bef8559c7a10ecf3ebb3f147795a2597"/><file name="Interface.php" hash="870470de0ec947f1039aa415d37d0f82"/></dir><file name="Exception.php" hash="58c9437dd946d5251234f55de3648d3f"/><dir name="Mapper"><file name="Abstract.php" hash="e1d9d87a1270ad6a499549dd87f9ac62"/><file name="Column.php" hash="7f74158a73fd8fa83052625ef07b1749"/><file name="Interface.php" hash="d8a8b98cece9ae38302914bbc910c094"/></dir><dir name="Parser"><file name="Abstract.php" hash="3559203bdcdb019daddd9ed558f596a7"/><file name="Csv.php" hash="f68d8dc8c0695296cc32b1ca716a8276"/><file name="Interface.php" hash="016ab96988f7ae02d2e84ed4878513ca"/><file name="Serialize.php" hash="52a93cacd5f3d3e0267bbffc74d7d715"/><dir name="Xml"><file name="Excel.php" hash="1edf1b7b7071c45baada29670ea656b8"/></dir></dir><dir name="Profile"><file name="Abstract.php" hash="c038c0b7a209c7a189beb6aa21df617b"/><file name="Collection.php" hash="2ff1f76cafa7e36826063069efdba8ad"/></dir><file name="Profile.php" hash="9b63f8909ed29bf5a3c729bc5934cb9c"/><dir name="Validator"><file name="Abstract.php" hash="3fdf8a0fcd2366563e330c30456f19b9"/><file name="Column.php" hash="da9bb1ffa8d6026a6d26365da4cec289"/><file name="Dryrun.php" hash="70f63aa2f6146c67658dc7bfd04ddf02"/><file name="Interface.php" hash="59c7a5d323e0a3bb6928754f3f4393ad"/></dir></dir><file name="Convert.php" hash="441a61c66ee524a024c7ffe8b7c7c3c2"/><dir name="Crypt"><file name="Abstract.php" hash="73980e75bef5f58855ea924c3693522d"/><file name="Mcrypt.php" hash="3c62cbb2f8e763e0da985b7bc054c5c3"/></dir><file name="Crypt.php" hash="cb28cabbc8a02fd86705bc0b52d7204b"/><dir name="Data"><dir name="Collection"><file name="Db.php" hash="7a4be602c7a6acf3ac5dcfb26f83e50f"/><file name="Filesystem.php" hash="8c2e8522e1782dbea4d52f44566cd02a"/></dir><file name="Collection.php" hash="e55f81c3fdf4b39d05bbbce7573e0de8"/><dir name="Form"><file name="Abstract.php" hash="4978be2832783e6ab2f7c4e291bbf4d5"/><dir name="Element"><file name="Abstract.php" hash="a8982e3215fc63a5cb40a4e964f6d3ea"/><file name="Button.php" hash="98c64b5da29dff22cfae938caa5833c8"/><file name="Checkbox.php" hash="7992114fdc4aefafceebac2a08c1a434"/><file name="Checkboxes.php" hash="fdc32833161b60139e9859f387bce6c7"/><file name="Collection.php" hash="cade28ccfd09e8b55394bf3a7d595d70"/><file name="Column.php" hash="b6d1d32aca981ae0fd1c6a83fc655c9a"/><file name="Date.php" hash="3f5c8628e329cbc87c33c7e622a3b946"/><file name="Datetime.php" hash="9c13224a8e67aec57108efa160aed1fd"/><file name="Editor.php" hash="13d5c80395365db6c47c0c004967c4bf"/><file name="Fieldset.php" hash="f78031a222ad4263826adf2f35622c72"/><file name="File.php" hash="463e8c8e106fe2018fdbf117e330423e"/><file name="Gallery.php" hash="6cb83ebc8efae252978fbd22c001642b"/><file name="Hidden.php" hash="ae6275e5d3b7df411bfda4fb4f995a8c"/><file name="Image.php" hash="c4d7be9bf6b1b19590d44bf9837eb748"/><file name="Imagefile.php" hash="2d6ed40fef1c2927ab22dea7d29336db"/><file name="Label.php" hash="ced6668e926c5cd10e5dfc93e1764070"/><file name="Link.php" hash="fb213bbbce4e46ea03a96923defbfbb3"/><file name="Multiline.php" hash="087bd60ff98b4b9c094b9adec040f166"/><file name="Multiselect.php" hash="9e0d04674a743602438fd4190040944c"/><file name="Note.php" hash="f5b71ebcf5a2b774393d9f4d1581dc35"/><file name="Obscure.php" hash="b61a077fbdea1b93be0aafc2f2c2f391"/><file name="Password.php" hash="a15263e7b0fabe8bd6abf8487f43efcb"/><file name="Radio.php" hash="4b32afab119091759d93ec99fb2fd53b"/><file name="Radios.php" hash="9004386a01f6c2b09435f39bf9b5bb36"/><dir name="Renderer"><file name="Interface.php" hash="61baa8c8755a9a7e8eaac5786ae38f42"/></dir><file name="Reset.php" hash="51bc11836e12bd64390476e3ff393c13"/><file name="Select.php" hash="4402f264e6e2cae5fbad26bc44aa21fe"/><file name="Submit.php" hash="5b9e9e3db9bc70757030312b7d002b7e"/><file name="Text.php" hash="2e798cfd096ac0a87f9d9055000af3c3"/><file name="Textarea.php" hash="b88d00399b8f6846d56055c9416dd0bb"/><file name="Time.php" hash="f35d8d1dc0a90dd6f044f17c22d8dc4a"/></dir><dir name="Filter"><file name="Date.php" hash="80eee9775448a21a5332f3e5cb7edcc9"/><file name="Datetime.php" hash="f6f45188abfc822ba6fb62c75f66f9bb"/><file name="Escapehtml.php" hash="0c02fdfbae30158aa14f45b937332249"/><file name="Interface.php" hash="4542e15af14cc92d7bf5a863d4bf5ddd"/><file name="Striptags.php" hash="2c4cd0905e4e3b99ba373ffeb9ab7d38"/></dir></dir><file name="Form.php" hash="407eee6f100c7befa18ca586b3c3ae04"/><dir name="Tree"><file name="Db.php" hash="d06e9a49ddb1ea94892f4f10e1b3fea1"/><file name="Dbp.php" hash="4bd7f5b9047870f125459dbf523f73a2"/><dir name="Node"><file name="Collection.php" hash="941c88db98d69ec170674380fe3413d5"/></dir><file name="Node.php" hash="e985629bbea05cd0e52d7ac82fc2ee27"/></dir><file name="Tree.php" hash="e39d73757e0535493badc5bea8459834"/></dir><file name="Date.php" hash="7830b6da8a6a54b5ef8d17b7f0d248f0"/><dir name="Db"><dir name="Adapter"><file name="Interface.php" hash="6c6a1f6e911aa0c2c53263d73dc5e5b5"/><file name="Mysqli.php" hash="4e6e03a6ddf127f58ab0326c4cfe9956"/><dir name="Pdo"><file name="Mysql.php" hash="3249352512450458888976e5abddb2a5"/></dir></dir><dir name="Ddl"><file name="Table.php" hash="2567ce531a4c978e5fff70b84f69f5ad"/></dir><file name="Exception.php" hash="93966b32e96f793f031244716ff37eed"/><file name="Helper.php" hash="eee52d2574360dabe7a5e830bc0a67b8"/><file name="Select.php" hash="62250da9eb320e684a4c121c3a40d473"/><dir name="Statement"><file name="Parameter.php" hash="8d688f64d6780d18e517921ea5eb9ccb"/><dir name="Pdo"><file name="Mysql.php" hash="e82abad90774a126efb8bd27bc0f43f7"/></dir></dir><dir name="Tree"><file name="Exception.php" hash="6a00d12bbed94d648a974d213a816a4b"/><dir name="Node"><file name="Exception.php" hash="f890d0fc36e89aefd7cf04ae6c10a88e"/></dir><file name="Node.php" hash="6b048bbe2b2c46e405ffae8bca23e579"/><dir name="NodeSet"><file name="Exception.php" hash="2caa6a4b09846fe3b941563aa55d3c5f"/></dir><file name="NodeSet.php" hash="5e589b0c1221caf2693fe6f7d07e1ad3"/></dir><file name="Tree.php" hash="c7cc99ac052aa5d1ac721619d47506e6"/></dir><file name="Debug.php" hash="ec721f169e5a16524a17abba094d651d"/><dir name="Directory"><file name="Collection.php" hash="59faf0b57bc10bdf3daade69b51fd142"/><file name="Factory.php" hash="112fda936935de43f45bf0e1b1ebfd23"/><file name="IFactory.php" hash="bb7a2578774f58922f7d5b3a90c34e3e"/><file name="a.txt" hash="026e450c46ac92ea375302955a4f42fb"/></dir><dir name="Event"><file name="Collection.php" hash="cb422c6c7abb160fa3d7d54669bf2b2e"/><dir name="Observer"><file name="Collection.php" hash="b9c7d52c9563a19d15723bbc4a85fac6"/><file name="Cron.php" hash="0e04e63cf24f5cce3031f5896c439b68"/><file name="Regex.php" hash="f97f5a4435d560e073d725681cb15264"/></dir><file name="Observer.php" hash="eff7b66ce01d3f8fc4c00d974a2d5440"/></dir><file name="Event.php" hash="1836bb96f191e616d59178f17e407277"/><file name="Exception.php" hash="6beb1561720cc6c7a894a955ff2251b7"/><dir name="File"><file name="Csv.php" hash="5736e17051a3e778c59b99ed669caee5"/><file name="CsvMulty.php" hash="af4518063d4d9f03cfbfca832c1b9d76"/><file name="Object.php" hash="86116483e252e66c516208e43b3bb920"/><dir name="Transfer"><dir name="Adapter"><file name="Http.php" hash="c71dc1460cdcf062adb97b577e621923"/></dir></dir><dir name="Uploader"><file name="Image.php" hash="2655d6497c074c8c4998c58320d60c14"/></dir><file name="Uploader.php" hash="ff32029ded0cb07486ef40ae38f56b50"/></dir><dir name="Filter"><dir name="Array"><file name="Grid.php" hash="14bd2f5ab60e7255557fc2dff7f24a37"/></dir><file name="Array.php" hash="a38e3d26f47d1bfaf4e023662d9a3dad"/><file name="Email.php" hash="067f3ea6f1597ea2501455865977d789"/><file name="Money.php" hash="8bec682670cb4cbf48e4b4264e2ab188"/><dir name="Object"><file name="Grid.php" hash="e3c3fa92761e5a1e1401192d8362301e"/></dir><file name="Object.php" hash="5b85aaff354eb0770e14efcfebda263b"/><file name="Sprintf.php" hash="0dd85ddc3d4b737d7cc6308afc12db18"/><dir name="Template"><file name="Simple.php" hash="b342cd136c10a6630d2d7dccd4137387"/><dir name="Tokenizer"><file name="Abstract.php" hash="d737a3d6599939b2a12b55975c9af780"/><file name="Parameter.php" hash="140ab2548a3da859473a46c7b0d44504"/><file name="Variable.php" hash="4ba64c31b234db22c2ff1799a49e7798"/></dir></dir><file name="Template.php" hash="48c08c9c1c9199e43e53f682df53ceae"/></dir><dir name="Http"><dir name="Adapter"><file name="Curl.php" hash="ebde08b6ea54e08d979f50b877452525"/></dir><file name="Client.php" hash="eac22d5beaca06c1678c327a13e7f45d"/></dir><dir name="Image"><dir name="Adapter"><file name="Abstract.php" hash="0ac17ab0c82dea6289caf0985be0c47d"/><file name="Gd2.php" hash="7d7c4751697adac77961431a297fc6a3"/></dir><file name="Adapter.php" hash="edbab0bcfa931ae1d8f813f467e6b311"/></dir><file name="Image.php" hash="dfec3144e465eb2558a76a84f4736254"/><dir name="Io"><file name="Abstract.php" hash="53e7055dfe0ca7d133b94cfbf3621693"/><file name="Exception.php" hash="493365429caf5d2170c00137b081b195"/><file name="File.php" hash="94a7261e767f27595a9f216949f79c31"/><file name="Ftp.php" hash="f349b9b833133853c902abb493d4f3bd"/><file name="Interface.php" hash="0b26ea223a4bed00df9b7b808b2acf80"/><file name="Sftp.php" hash="461d458eb368ed01f3b9194bafc4030d"/></dir><dir name="Object"><file name="Cache.php" hash="a87d2ae2d015a4e2f2fc1b611feccfcd"/><file name="Mapper.php" hash="1180b9b29c366d886e8af05181aebbce"/></dir><file name="Object.php" hash="f5291d89b59cf8e9590d29d462e28b02"/><dir name="Pear"><file name="Frontend.php" hash="61a9a308d54eca9e0a0bbc09296189f1"/><file name="Package.php" hash="a4261d73ebc059785fe418c6350bb4e5"/><file name="Registry.php" hash="5780af5995ea9af32032d3ebe496e251"/></dir><file name="Pear.php" hash="d60801531ef3ac16b26e302961310c53"/><file name="Profiler.php" hash="d434c08a6dd3ef8eb168e3a3d46f057f"/><dir name="Simplexml"><dir name="Config"><dir name="Cache"><file name="Abstract.php" hash="6dbbd6f1bc63c1b7ee086399da30f4e0"/><file name="File.php" hash="f99292ec6d04d5464a1313a2c52880d4"/></dir></dir><file name="Config.php" hash="a957b7feccdf430239af81610a6ac281"/><file name="Element.php" hash="fca2dddf067b1e038834b27cb5a746a4"/></dir></dir></target></contents>
    <compatible/>
    <dependencies><required><php><min>5.2.0</min><max>6.0.0</max></php><package><name>Lib_ZF</name><channel>community</channel><min>1.11.1.0</min><max>1.12.0.0</max></package><extension><name>PDO</name><min></min><max></max></extension><extension><name>SPL</name><min></min><max></max></extension><extension><name>curl</name><min></min><max></max></extension><extension><name>SimpleXML</name><min></min><max></max></extension><extension><name>dom</name><min></min><max></max></extension><extension><name>gd</name><min></min><max></max></extension><extension><name>iconv</name><min></min><max></max></extension><extension><name>pdo_mysql</name><min></min><max></max></extension><extension><name>mcrypt</name><min></min><max></max></extension><extension><name>pcre</name><min></min><max></max></extension><extension><name>Reflection</name><min></min><max></max></extension><extension><name>session</name><min></min><max></max></extension></required></dependencies>
</package>
