<?xml version="1.0"?>
<package>
    <name>Lib_Js_Mage</name>
    <version>1.8.1.0</version>
    <stability>stable</stability>
    <license>Mixed</license>
    <channel>community</channel>
    <extends/>
    <summary>Javascript Libraries for Magento</summary>
    <description>Javascript Libraries for Magento</description>
    <notes>1.8.1.0</notes>
    <authors><author><name>Magento Core Team</name><user>core</user><email>core@magentocommerce.com</email></author></authors>
    <date>2013-11-22</date>
    <time>04:16:48</time>
    <contents><target name="mageweb"><dir name="js"><dir name="lib"><file name="FABridge.js" hash="64244d8d58abd42bd71f0ee3309767ad"/><file name="boxover.js" hash="a5ade77452e8d5066cb84dcac3d34ed5"/><file name="ccard.js" hash="d3e849be0977d53de4af933b40293ff6"/><file name="dropdown.js" hash="59f4f83e1dabf0a755e563f352ca897d"/><file name="ds-sleight.js" hash="85af457d444865d1587bfe4875bd4fc6"/><file name="flex.js" hash="2833054f3e3040e98014621b60bbbb85"/></dir><dir name="mage"><dir name="adminhtml"><file name="accordion.js" hash="b6161df7432f44074a240295ece00532"/><file name="backup.js" hash="28cb096d1f81542b314a36e0bca8638c"/><file name="browser.js" hash="79a10c4a78aa109efe0c96fec10c885f"/><file name="events.js" hash="732067f6a9ee289849901daf650e7279"/><file name="flexuploader.js" hash="46eb45e3285df0e1eac97a5112e753b3"/><file name="form.js" hash="2db66b43acabc8e3ec13ac84a95f3c5c"/><file name="giftmessage.js" hash="a552774c6b91722bc7d525f603e20cc1"/><dir name="giftoptions"><file name="tooltip.js" hash="07d82234a7680e7222e6b2ac667caed7"/></dir><file name="grid.js" hash="822246fc687e2164680a6587ea2f4ce8"/><file name="hash.js" hash="7ef7287161eda370f5856eeb8b40b91d"/><file name="image.js" hash="1f71519a2eb2326acef74fa2defe2d73"/><file name="loader.js" hash="8bdf6c1bc16c458711ca3597922931b0"/><file name="magento-all.js" hash="3d521110ba9afbbffcb20e4238c62b11"/><dir name="product"><dir name="composite"><file name="configure.js" hash="a9bd5bbc7a7619fffd859aa8b7d0a2d2"/></dir></dir><file name="product.js" hash="000826460eca2d405b98ef57a4890bf3"/><file name="rules.js" hash="a827fe4f2bdaea5fe0dcac206c958355"/><dir name="sales"><file name="packaging.js" hash="d474d5b74d9514dafb8ebc527f89dbf0"/></dir><file name="sales.js" hash="5656a8c1c646afaaf260a130fe405691"/><file name="scrollbar.js" hash="2b303f431f23ff6b58bafeb6599c97aa"/><file name="tabs.js" hash="6b912991ccb7805b5038b633a435de00"/><file name="tools.js" hash="c5f8f2f8c69ca53546a966065cca5d9e"/><file name="uploader.js" hash="ef900af8fd343fee143abafbc42b2da8"/><file name="variables.js" hash="0d3a859eaa32b35f048bf946fd496244"/><dir name="wysiwyg"><dir name="tiny_mce"><dir name="plugins"><dir name="magentovariable"><file name="editor_plugin.js" hash="33aa3999aec905d1f32199426ad78570"/><dir name="img"><file name="icon.gif" hash="682b29a0e734f952cb2edabede6a25d1"/></dir></dir><dir name="magentowidget"><file name="editor_plugin.js" hash="7e3cc1adc243559bf55d9eb4c836aec8"/><dir name="img"><file name="icon.gif" hash="532c141286373f098f1f4362e001c7f8"/></dir></dir></dir><file name="setup.js" hash="58bff8b95d60c93efd8d686e35b7a2b9"/><dir name="themes"><dir name="advanced"><dir name="skins"><dir name="default"><file name="content.css" hash="787fd97c0640646b1a471b3b84b559fe"/><file name="dialog.css" hash="70c98cab1e2eef43ca68429720f946b0"/></dir></dir></dir></dir></dir><file name="widget.js" hash="48dd1877b3731a775c8a41d1981e339e"/></dir></dir><file name="captcha.js" hash="ff5ecf8cf78c4cc1b2a61157878d1913"/><file name="centinel.js" hash="aa8036d10159786454413df2b3dba6bd"/><file name="cookies.js" hash="3b9f031ab2859f553bac1dcee4614cad"/><file name="directpost.js" hash="43c9ce054295bd2bf99272d3a21ffcb5"/><file name="translate.js" hash="33fd17d71ec8ef4ee1de5f10a69d0b7d"/><file name="translate_inline.css" hash="6adbdc441637a5ec8409e4272309df35"/><file name="translate_inline.js" hash="af5ab4a6192b9f30aa76c3bbbdb9dc2c"/></dir><dir name="varien"><file name="accordion.js" hash="9e2631995ce93f0c905b14a5c831b441"/><file name="configurable.js" hash="11e2fc14a2f3a09c2dffdc57b6f72fe3"/><file name="form.js" hash="8ec166d5e7afdb268f5a230b0c2d917b"/><file name="iehover-fix.js" hash="3c6179bd66597c07fe825798a3606ce3"/><file name="js.js" hash="fff0a9a07982c134d54b5b00c0c8884c"/><file name="menu.js" hash="6a914283a1414a66771bc915f4ca9dd9"/><file name="payment.js" hash="09eba80d26ae8fda53fdb6b296a1fa62"/><file name="product.js" hash="90ab2ca1e4303cc4ba3e41140b038f68"/><file name="telephone.js" hash="d3cead00e1fd7c1d805cad8cd2fbaada"/><file name="weee.js" hash="b743eab978648fbf67c2e99baa756ab8"/></dir><file name="blank.html" hash="d41d8cd98f00b204e9800998ecf8427e"/><file name="index.php" hash="9a76023de59c1958cac0473ef31efa26"/><file name="spacer.gif" hash="df3e567d6f16d040326c7a0ea29a4f41"/><dir name="flash"><file name="AC_RunActiveContent.js" hash="3e038cea960c1b650442b85cea237053"/></dir></dir></target></contents>
    <compatible/>
    <dependencies><required><php><min>5.2.0</min><max>6.0.0</max></php><package><name>Lib_Js_Prototype</name><channel>community</channel><min>1.7.0.0.4</min><max>1.7.1.0</max></package></required></dependencies>
</package>
