<?xml version="1.0"?>
<package>
    <name>Mage_Compiler</name>
    <version>1.8.1.0</version>
    <stability>stable</stability>
    <license uri="http://opensource.org/licenses/osl-3.0.php">OSL v3.0</license>
    <channel>community</channel>
    <extends/>
    <summary>This module compiles all files of a Magento installation and creates a single include path to increase performance</summary>
    <description>This module compiles all files of a Magento installation and creates a single include path to increase performance</description>
    <notes>1.8.1.0</notes>
    <authors><author><name>Magento Core Team</name><user>core</user><email>core@magentocommerce.com</email></author></authors>
    <date>2013-11-22</date>
    <time>04:16:49</time>
    <contents><target name="magecore"><dir name="Mage"><dir name="Compiler"><dir name="Block"><file name="Process.php" hash="bdd27073085e9d8aefd5ac4a56fd3a94"/></dir><dir name="Helper"><file name="Data.php" hash="a4f0b87ee0235ef5186a00dafc48773a"/></dir><dir name="Model"><file name="Process.php" hash="fb7a3143435a955d10c652ee253a0d28"/></dir><dir name="controllers"><dir name="Adminhtml"><dir name="Compiler"><file name="ProcessController.php" hash="ac96b97c938e0c11019ea88e5981745f"/></dir></dir><file name="ProcessController.php" hash="9604147932702196c9ff9800f4b04205"/></dir><dir name="etc"><file name="adminhtml.xml" hash="74bd3c01fc08a2b72831c3157eb01afb"/><file name="compilation.xml" hash="f64262e5e32426149756ba9ea2fae05b"/><file name="config.xml" hash="ac0d1e369a564d01cda1fb1e3e937cb0"/></dir></dir></dir></target><target name="mage"><dir name="includes"><file name="config.php" hash="8400dea44d09cc57209d8a64cdd207d7"/><file name=".htaccess" hash="72617d60821288133a367f70bf39ad93"/><file name=".htaccess" hash="72617d60821288133a367f70bf39ad93"/></dir></target><target name="mageetc"><dir name="modules"><file name="Mage_Compiler.xml" hash="940de89b5bff441cdc8dfe5d9155bf22"/></dir></target><target name="magedesign"><dir name="adminhtml"><dir name="default"><dir name="default"><dir name="layout"><file name="compiler.xml" hash="831dbe3b9eba16bcca03cd6110eb3537"/></dir><dir name="template"><dir name="compiler"><file name="process.phtml" hash="ff97257336769e703f26cc5a223c4d9c"/></dir></dir></dir></dir></dir></target><target name="magelocale"><dir name="en_US"><file name="Mage_Compiler.csv" hash="caa1d67e6c508421a8c8c234ae204c5d"/></dir></target></contents>
    <compatible/>
    <dependencies><required><php><min>5.2.0</min><max>6.0.0</max></php><package><name>Mage_Core_Modules</name><channel>community</channel><min>1.8.1.0</min><max>1.9.0.0</max></package><package><name>Mage_Core_Adminhtml</name><channel>community</channel><min>1.8.1.0</min><max>1.9.0.0</max></package></required></dependencies>
</package>
