<?xml version="1.0"?>
<package>
    <name>Phoenix_Moneybookers</name>
    <version>1.3.2</version>
    <stability>stable</stability>
    <license>mixed</license>
    <channel>community</channel>
    <extends/>
    <summary>Moneybookers payment gateway integration</summary>
    <description>Moneybookers payment gateway official integration, implemented by Phoenix Medien GmbH. Provides integration for payment options powered by Moneybookers, as separate payment methods:
All Credit Cards / Visa, Mastercard, AMEX, JCB, Diners - International
CartaSi - Italy
Lastschrift (ELV) - Germany
Dankort - Denmark
Nordea Solo - Sweden
eNETS - Singapore
Carte Bleue - France
Giropay - Germany
iDeal - Netherlands
Laser - Ireland
EPS Online-&#xDC;berweisung - Austria
POLi - Australia
Postepay - Italy
Przelewy24 - Poland
Sofort&#xFC;berweisung - Germany
Nordea Solo - Finland
Moneybookers eWallet</description>
    <notes>1.3.2</notes>
    <authors><author><name>Magento Core Team</name><user>core</user><email>core@magentocommerce.com</email></author></authors>
    <date>2013-09-23</date>
    <time>18:31:11</time>
    <contents><target name="magecommunity"><dir name="Phoenix"><dir name="Moneybookers"><dir name="Block"><file name="Form.php" hash="d370e3ba59cc15b139c7e1e79e2ec3a8"/><file name="Info.php" hash="62e0b852138497e92e28c9b739fdeb51"/><file name="Jsinit.php" hash="806c21c3c1f6891e056c4fe217e5374b"/><file name="Payment.php" hash="47d945df55393205e90df2bdee7f57ee"/><file name="Placeform.php" hash="bb0a62dde1c87ee4518fad309ecca426"/><file name="Redirect.php" hash="690db6960e1d664f98071cc3363bbf82"/></dir><dir name="controllers"><file name="MoneybookersController.php" hash="1053419f00a59f2066eba6cee216a268"/><file name="ProcessingController.php" hash="abbb7c0deac91e3706bec90441ce1d93"/></dir><dir name="etc"><file name="config.xml" hash="e4ef3eb7e2c9e2034b4742d17a1c5172"/><file name="system.xml" hash="88c6ba64f6818bec99318033a65d21ce"/></dir><dir name="Helper"><file name="Data.php" hash="1bcfdee03be9c9b9f1de57945bc10fd8"/></dir><dir name="Model"><file name="Abstract.php" hash="a2baa08ad86464916d7ffff3911c6615"/><file name="Acc.php" hash="9acaa3fe91835c9b5cd76ca6c9652c24"/><file name="Csi.php" hash="800984e5e8f2dd8389db023f0bf94ba8"/><file name="Did.php" hash="2aabc76e6b2fce0fcd2b79fcdae2f39f"/><file name="Dnk.php" hash="5f6a72c8b66d82e1b596af71ff7761ef"/><file name="Ebt.php" hash="6f0700837364d81149375a5aff3cb432"/><file name="Ent.php" hash="e14c39741e0fa1685695f7b03ade94c7"/><file name="Event.php" hash="2157aee0bbdd7e617e38d93aa7ea25cb"/><file name="Gcb.php" hash="164aaab54b6588476311553fa1e8aa8e"/><file name="Gir.php" hash="8cbbe836c24a75f96ca254cc64b37530"/><file name="Idl.php" hash="406ea46922aec31a9a36e7546b536e93"/><file name="Lsr.php" hash="b6123f853a9c50e8a9042f22322a3c6a"/><file name="Mae.php" hash="27d52b915464d18e796e40ee1934eda4"/><file name="Npy.php" hash="3e7de0ae735d2ab2ed25f699760c0aa1"/><file name="Obt.php" hash="50574d80cbef899ede7d633578b2e501"/><file name="Pli.php" hash="03287f56e87f6c3e49b85e1f3da924c6"/><file name="Psp.php" hash="6d332cc36358e9f3f5ac620cba9af1d9"/><file name="Pwy.php" hash="51c8d18558856ad32d72cba9f98a855f"/><file name="Sft.php" hash="0b9ed6c8854b102c4a517e173254980f"/><file name="So2.php" hash="ddfb8422fcbf683bc638d30b444a33cf"/><file name="Wlt.php" hash="274c375afcbfb88771c46a690de0a28e"/></dir><dir name="sql"><dir name="moneybookers_setup"><file name="install-1.6.0.0.php" hash="a5edad640edce622fc5d38cf5c66690b"/><file name="mysql4-upgrade-1.2-1.2.0.1.php" hash="b5cdb216060dedaf870604fdfd6dc931"/></dir></dir></dir></dir></target><target name="mageetc"><dir name="modules"><file name="Phoenix_Moneybookers.xml" hash="ac10e8e7bdc6f31b337a04ddf02b848c"/></dir></target><target name="magedesign"><dir name="adminhtml"><dir name="default"><dir name="default"><dir name="template"><dir name="moneybookers"><file name="info.phtml" hash="371de569215d4856bc5dd750da7bfeb4"/><file name="jsinit.phtml" hash="d20a9548b3d14db5ff25aacc0ddb1a95"/><dir name="pdf"><file name="info.phtml" hash="51f684ec55ffaef804824e20e25ebfa0"/></dir></dir></dir><dir name="layout"><file name="moneybookers.xml" hash="0acb6d2751e50ff872ceb73a8815b832"/></dir></dir></dir></dir><dir name="frontend"><dir name="base"><dir name="default"><dir name="template"><dir name="moneybookers"><file name="blank.phtml" hash="979c41c03b99c115e8d321ef62894eb3"/><file name="form.phtml" hash="879d913e2f6c7998e2b3807ae0ac4ea4"/><file name="info.phtml" hash="fe7450458a4474af9a8504e5f9c6532a"/><file name="payment.phtml" hash="a0c66a3b497ba93d42d60d2066b12cfb"/><file name="placeform.phtml" hash="bda8632a83fd18084b940de62b0b34a6"/><file name="redirect.phtml" hash="99811d651f215827bbd85db9ade1824b"/></dir></dir><dir name="layout"><file name="moneybookers.xml" hash="77c8ea88bca59d2ae02227329deca4ec"/></dir></dir></dir></dir></target><target name="magelocale"><dir name="en_US"><file name="Phoenix_Moneybookers.csv" hash="c92cee5c0ca36fdedfbab70e95a91983"/><dir name="template"><dir name="email"><file name="moneybookers_activateemail.html" hash="035d73b26c54c8042e03e7551df49457"/></dir></dir></dir></target><target name="mageskin"><dir name="frontend"><dir name="base"><dir name="default"><dir name="images"><dir name="moneybookers"><file name="banner_120_de.gif" hash="74815117bf378543e5b3496bb5bc4e8a"/><file name="banner_120_de.png" hash="6c3f708fcb6dac92e53472d4c2246c68"/><file name="banner_120_dk.gif" hash="2106bd994d188d40474bf2a2e8d62a8d"/><file name="banner_120_fr.gif" hash="a84241eef7bc38fb38567e7aa8ca245a"/><file name="banner_120_fr.png" hash="8994d1dc3b4f5c9e5efc67ce3f9f55a9"/><file name="banner_120_int.gif" hash="e23ddcf71e15f0a9300062ef9cdea512"/><file name="banner_120_int.png" hash="f9dfbc26041e52b34eea65348707d64f"/><file name="banner_120_pl.gif" hash="44313c7d27cdcf59c2f66708c6c5abd5"/><file name="banner_120_pl.png" hash="67d3385f93bc9113880305ee7c7da9de"/><file name="banner_120_sp.gif" hash="a003ed8db63620672ae945682b1e1e39"/><file name="banner_120_sp.png" hash="f9c4a653d6814ab3f8c535da706f5f77"/><file name="moneybookers_acc.png" hash="a3e639a68fafdffaca81e91985127735"/><file name="moneybookers_csi.gif" hash="4eec4ed7c494d01d518a3c6c691128e9"/><file name="moneybookers_did.gif" hash="6a3a3365894e9cdb199647a5b74ba35b"/><file name="moneybookers_dnk.gif" hash="7d4b8d27784f8a6fa6ef81c4e911831b"/><file name="moneybookers_ebt.gif" hash="9911d8cc223e7f3d9ec12f50c280ec61"/><file name="moneybookers_ent.gif" hash="704e9551ed4aff82b67114242b9fba1a"/><file name="moneybookers_gcb.gif" hash="e2e7c0f501e5ab0136f859ca5f57abc2"/><file name="moneybookers_gir.gif" hash="f16e949bc60bbd812f803d5e377d47f6"/><file name="moneybookers_idl.gif" hash="fe0ad1efc12d43df6c9ff3ffdd9dd59b"/><file name="moneybookers_lsr.gif" hash="58cdadfa20b6d37aeaa19e50995e4baf"/><file name="moneybookers_mae.gif" hash="4d4b5f0cf3377939c7738fc7e416d25f"/><file name="moneybookers_npy.gif" hash="01242c5ad7bc667e7493b550b6397fab"/><file name="moneybookers_obt_de.png" hash="ce44fd2974b8d279401778292e2c4484"/><file name="moneybookers_obt_dk.png" hash="2985e8cb472d1886d584fa31d56bee92"/><file name="moneybookers_obt_ee.png" hash="cb186be1c7595544f61d3737c7bf85aa"/><file name="moneybookers_obt_en.png" hash="eee098a06e3ea34f33e276724b084774"/><file name="moneybookers_obt_fl.png" hash="6c3766df052d875ce399e62ad8a435f8"/><file name="moneybookers_obt_lt.png" hash="adf61f248fc6d5985840db3e0c23391e"/><file name="moneybookers_obt_lv.png" hash="4e7f16b4988ea30f049942d4dcdb5f78"/><file name="moneybookers_obt_pl.png" hash="fb2c43c18ba73d390e5b5f5261261f4a"/><file name="moneybookers_obt_se.png" hash="9028412e9c3f25d114bf40bb2049d225"/><file name="moneybookers_pli.gif" hash="93989e85caff760af7a61838db0300bf"/><file name="moneybookers_psp.gif" hash="7abffc2246f172625be2ce31f4315cb2"/><file name="moneybookers_pwy.gif" hash="b4a0b9db9a031855e6e3899592012fae"/><file name="moneybookers_sft.gif" hash="e9e774163c99a8ab4deb18d37feaf658"/><file name="moneybookers_so2.gif" hash="9911d8cc223e7f3d9ec12f50c280ec61"/><file name="moneybookers_wlt.gif" hash="4b9cbc5aa5c32f3015ce7bec98da2670"/></dir></dir></dir></dir></dir><dir name="adminhtml"><dir name="default"><dir name="default"><dir name="images"><dir name="moneybookers"><file name="banner.jpg" hash="382b1eea5550ce6c1b88cd4444058362"/></dir></dir></dir></dir></dir></target><target name="mageweb"><dir name="js"><dir name="mage"><dir name="adminhtml"><file name="moneybookers.js" hash="2756bb10b93219bd265e8d2759ab7123"/></dir></dir></dir></target></contents>
    <compatible/>
    <dependencies><required><php><min>5.2.0</min><max>6.0.0</max></php><package><name>Mage_Core_Modules</name><channel>community</channel><min>1.8.0.0</min><max>1.9.0.0</max></package></required></dependencies>
</package>
